date,metric_type,avg_utilization_pct,asset_count,work_orders,cleaning_work_orders
2024-01-01,desk,0.0,176,3.0,0.0
2024-01-01,room,0.0,38,3.0,0.0
2024-01-02,desk,25.87994318181818,176,25.0,18.0
2024-01-02,room,19.54657894736842,38,25.0,18.0
2024-01-03,desk,29.577045454545456,176,25.0,18.0
2024-01-03,room,32.37947368421053,38,25.0,18.0
2024-01-04,desk,32.244375,176,26.0,20.0
2024-01-04,room,36.25289473684211,38,26.0,20.0
2024-01-05,desk,19.108977272727273,176,29.0,19.0
2024-01-05,room,21.034736842105264,38,29.0,19.0
2024-01-08,desk,31.674602272727274,176,37.0,19.0
2024-01-08,room,39.14526315789474,38,37.0,19.0
2024-01-09,desk,41.254943181818184,176,30.0,22.0
2024-01-09,room,48.74105263157895,38,30.0,22.0
2024-01-10,desk,42.211420454545454,176,30.0,19.0
2024-01-10,room,48.297105263157896,38,30.0,19.0
2024-01-11,desk,41.829204545454544,176,33.0,27.0
2024-01-11,room,46.60921052631579,38,33.0,27.0
2024-01-12,desk,24.488238636363636,176,29.0,16.0
2024-01-12,room,32.380526315789474,38,29.0,16.0
2024-01-15,desk,34.21698863636363,176,40.0,21.0
2024-01-15,room,43.49315789473684,38,40.0,21.0
2024-01-16,desk,37.65892045454546,176,35.0,22.0
2024-01-16,room,41.06078947368421,38,35.0,22.0
2024-01-17,desk,45.58090909090909,176,30.0,17.0
2024-01-17,room,46.35526315789474,38,30.0,17.0
2024-01-18,desk,36.507670454545455,176,30.0,21.0
2024-01-18,room,48.10342105263158,38,30.0,21.0
2024-01-19,desk,26.076363636363638,176,28.0,17.0
2024-01-19,room,41.12,38,28.0,17.0
2024-01-22,desk,33.43880681818182,176,23.0,20.0
2024-01-22,room,47.15105263157895,38,23.0,20.0
2024-01-23,desk,44.93954545454545,176,30.0,21.0
2024-01-23,room,51.08684210526316,38,30.0,21.0
2024-01-24,desk,44.06409090909091,176,30.0,23.0
2024-01-24,room,48.89289473684211,38,30.0,23.0
2024-01-25,desk,37.201477272727274,176,34.0,23.0
2024-01-25,room,40.78552631578947,38,34.0,23.0
2024-01-26,desk,22.764659090909092,176,29.0,21.0
2024-01-26,room,35.46868421052631,38,29.0,21.0
2024-01-29,desk,34.006136363636365,176,26.0,20.0
2024-01-29,room,49.3271052631579,38,26.0,20.0
2024-01-30,desk,38.943011363636366,176,28.0,21.0
2024-01-30,room,47.56921052631579,38,28.0,21.0
2024-01-31,desk,46.38130681818182,176,29.0,20.0
2024-01-31,room,51.05078947368421,38,29.0,20.0
2024-02-01,desk,39.08431818181818,176,19.0,15.0
2024-02-01,room,50.16184210526316,38,19.0,15.0
2024-02-02,desk,20.578352272727273,176,22.0,14.0
2024-02-02,room,35.21736842105263,38,22.0,14.0
2024-02-05,desk,34.52494318181818,176,25.0,19.0
2024-02-05,room,44.97684210526316,38,25.0,19.0
2024-02-06,desk,44.43482954545454,176,29.0,21.0
2024-02-06,room,43.973684210526315,38,29.0,21.0
2024-02-07,desk,46.88363636363636,176,27.0,24.0
2024-02-07,room,47.51868421052632,38,27.0,24.0
2024-02-08,desk,37.99397727272728,176,32.0,22.0
2024-02-08,room,47.21973684210527,38,32.0,22.0
2024-02-09,desk,20.14528409090909,176,28.0,17.0
2024-02-09,room,34.808684210526316,38,28.0,17.0
2024-02-12,desk,29.673465909090908,176,15.0,8.0
2024-02-12,room,41.35421052631579,38,15.0,8.0
2024-02-13,desk,41.29931818181819,176,27.0,20.0
2024-02-13,room,45.681315789473686,38,27.0,20.0
2024-02-14,desk,27.500454545454545,176,24.0,21.0
2024-02-14,room,37.3228947368421,38,24.0,21.0
2024-02-15,desk,30.557670454545452,176,27.0,20.0
2024-02-15,room,39.32815789473684,38,27.0,20.0
2024-02-16,desk,18.03806818181818,176,33.0,19.0
2024-02-16,room,34.68105263157895,38,33.0,19.0
2024-02-19,desk,36.17454545454546,176,24.0,16.0
2024-02-19,room,51.09315789473684,38,24.0,16.0
2024-02-20,desk,40.85073863636364,176,27.0,20.0
2024-02-20,room,49.058684210526316,38,27.0,20.0
2024-02-21,desk,50.41306818181818,176,22.0,16.0
2024-02-21,room,53.64289473684211,38,22.0,16.0
2024-02-22,desk,36.49875,176,23.0,19.0
2024-02-22,room,43.60421052631579,38,23.0,19.0
2024-02-23,desk,23.410170454545458,176,28.0,18.0
2024-02-23,room,32.445,38,28.0,18.0
2024-02-26,desk,27.131306818181816,176,21.0,10.0
2024-02-26,room,30.097631578947368,38,21.0,10.0
2024-02-27,desk,32.831534090909095,176,29.0,19.0
2024-02-27,room,44.13894736842105,38,29.0,19.0
2024-02-28,desk,31.952443181818182,176,22.0,17.0
2024-02-28,room,34.04078947368421,38,22.0,17.0
2024-02-29,desk,31.64778409090909,176,24.0,18.0
2024-02-29,room,31.231052631578947,38,24.0,18.0
2024-03-01,desk,19.901988636363637,176,25.0,21.0
2024-03-01,room,22.04105263157895,38,25.0,21.0
2024-03-04,desk,36.76051136363637,176,30.0,20.0
2024-03-04,room,44.604473684210525,38,30.0,20.0
2024-03-05,desk,46.381477272727274,176,37.0,22.0
2024-03-05,room,51.89947368421053,38,37.0,22.0
2024-03-06,desk,47.036875,176,27.0,17.0
2024-03-06,room,49.768157894736845,38,27.0,17.0
2024-03-07,desk,39.6775,176,28.0,19.0
2024-03-07,room,49.94,38,28.0,19.0
2024-03-08,desk,27.27971590909091,176,22.0,18.0
2024-03-08,room,25.923157894736843,38,22.0,18.0
2024-03-11,desk,35.676875,176,26.0,20.0
2024-03-11,room,44.67026315789474,38,26.0,20.0
2024-03-12,desk,45.217954545454546,176,22.0,17.0
2024-03-12,room,49.02842105263158,38,22.0,17.0
2024-03-13,desk,42.426875,176,24.0,17.0
2024-03-13,room,52.379210526315795,38,24.0,17.0
2024-03-14,desk,42.743579545454544,176,28.0,17.0
2024-03-14,room,51.11342105263158,38,28.0,17.0
2024-03-15,desk,30.128465909090906,176,27.0,20.0
2024-03-15,room,40.937105263157896,38,27.0,20.0
2024-03-18,desk,35.57596590909091,176,31.0,21.0
2024-03-18,room,52.23236842105263,38,31.0,21.0
2024-03-19,desk,44.78965909090909,176,27.0,22.0
2024-03-19,room,46.67473684210527,38,27.0,22.0
2024-03-20,desk,43.63607954545454,176,28.0,20.0
2024-03-20,room,46.11684210526316,38,28.0,20.0
2024-03-21,desk,35.68261363636364,176,27.0,18.0
2024-03-21,room,52.54578947368421,38,27.0,18.0
2024-03-22,desk,26.302329545454544,176,22.0,17.0
2024-03-22,room,28.08078947368421,38,22.0,17.0
2024-03-25,desk,34.92607954545454,176,27.0,20.0
2024-03-25,room,43.652631578947364,38,27.0,20.0
2024-03-26,desk,41.927727272727275,176,26.0,19.0
2024-03-26,room,48.72842105263158,38,26.0,19.0
2024-03-27,desk,38.32630681818182,176,26.0,20.0
2024-03-27,room,49.61815789473684,38,26.0,20.0
2024-03-28,desk,20.93284090909091,176,31.0,21.0
2024-03-28,room,26.87236842105263,38,31.0,21.0
2024-03-29,desk,0.0,176,0.0,0.0
2024-03-29,room,0.0,38,0.0,0.0
2024-04-01,desk,0.0,176,1.0,1.0
2024-04-01,room,0.0,38,1.0,1.0
2024-04-02,desk,35.191818181818185,176,25.0,19.0
2024-04-02,room,44.55605263157895,38,25.0,19.0
2024-04-03,desk,44.994488636363634,176,34.0,25.0
2024-04-03,room,48.35131578947368,38,34.0,25.0
2024-04-04,desk,40.27846590909091,176,36.0,27.0
2024-04-04,room,47.84921052631579,38,36.0,27.0
2024-04-05,desk,30.94068181818182,176,34.0,26.0
2024-04-05,room,35.288947368421056,38,34.0,26.0
2024-04-08,desk,35.07926136363636,176,21.0,19.0
2024-04-08,room,48.82736842105263,38,21.0,19.0
2024-04-09,desk,44.84556818181818,176,39.0,25.0
2024-04-09,room,56.1178947368421,38,39.0,25.0
2024-04-10,desk,42.61647727272727,176,27.0,23.0
2024-04-10,room,48.17631578947368,38,27.0,23.0
2024-04-11,desk,43.541647727272725,176,35.0,28.0
2024-04-11,room,51.11842105263158,38,35.0,28.0
2024-04-12,desk,22.767045454545453,176,27.0,20.0
2024-04-12,room,33.77078947368421,38,27.0,20.0
2024-04-15,desk,35.51193181818182,176,27.0,21.0
2024-04-15,room,46.84552631578948,38,27.0,21.0
2024-04-16,desk,41.94863636363636,176,39.0,26.0
2024-04-16,room,45.45236842105263,38,39.0,26.0
2024-04-17,desk,44.489943181818184,176,33.0,21.0
2024-04-17,room,46.01157894736842,38,33.0,21.0
2024-04-18,desk,41.03102272727273,176,33.0,25.0
2024-04-18,room,38.86052631578948,38,33.0,25.0
2024-04-19,desk,20.92125,176,26.0,21.0
2024-04-19,room,32.265,38,26.0,21.0
2024-04-22,desk,29.88488636363636,176,27.0,23.0
2024-04-22,room,40.90289473684211,38,27.0,23.0
2024-04-23,desk,35.970681818181816,176,32.0,23.0
2024-04-23,room,36.03526315789473,38,32.0,23.0
2024-04-24,desk,37.309374999999996,176,29.0,28.0
2024-04-24,room,34.57131578947369,38,29.0,28.0
2024-04-25,desk,40.46630681818181,176,31.0,28.0
2024-04-25,room,43.93631578947368,38,31.0,28.0
2024-04-26,desk,25.657784090909093,176,33.0,29.0
2024-04-26,room,35.604473684210525,38,33.0,29.0
2024-04-29,desk,41.198125,176,29.0,22.0
2024-04-29,room,45.57,38,29.0,22.0
2024-04-30,desk,36.80198863636363,176,27.0,18.0
2024-04-30,room,35.2171052631579,38,27.0,18.0
2024-05-01,desk,0.016079545454545454,176,1.0,0.0
2024-05-01,room,0.017368421052631578,38,1.0,0.0
2024-05-02,desk,41.21670454545455,176,25.0,18.0
2024-05-02,room,46.27552631578948,38,25.0,18.0
2024-05-03,desk,18.11818181818182,176,30.0,20.0
2024-05-03,room,32.555263157894736,38,30.0,20.0
2024-05-06,desk,36.255795454545456,176,22.0,19.0
2024-05-06,room,48.89763157894737,38,22.0,19.0
2024-05-07,desk,42.000113636363636,176,25.0,18.0
2024-05-07,room,50.860263157894735,38,25.0,18.0
2024-05-08,desk,39.91681818181818,176,23.0,19.0
2024-05-08,room,39.87131578947369,38,23.0,19.0
2024-05-09,desk,0.0,176,0.0,0.0
2024-05-09,room,0.0,38,0.0,0.0
2024-05-10,desk,11.91556818181818,176,25.0,17.0
2024-05-10,room,11.241842105263158,38,25.0,17.0
2024-05-13,desk,34.492045454545455,176,22.0,18.0
2024-05-13,room,46.60368421052632,38,22.0,18.0
2024-05-14,desk,44.27181818181818,176,30.0,20.0
2024-05-14,room,44.89236842105263,38,30.0,20.0
2024-05-15,desk,47.81380681818182,176,29.0,22.0
2024-05-15,room,46.60236842105263,38,29.0,22.0
2024-05-16,desk,43.38676136363636,176,30.0,21.0
2024-05-16,room,44.39631578947368,38,30.0,21.0
2024-05-17,desk,23.623352272727274,176,24.0,18.0
2024-05-17,room,26.44421052631579,38,24.0,18.0
2024-05-20,desk,38.14971590909091,176,32.0,21.0
2024-05-20,room,44.15394736842105,38,32.0,21.0
2024-05-21,desk,48.73500000000001,176,32.0,21.0
2024-05-21,room,52.23026315789474,38,32.0,21.0
2024-05-22,desk,45.283806818181816,176,31.0,22.0
2024-05-22,room,44.59947368421052,38,31.0,22.0
2024-05-23,desk,46.96034090909091,176,29.0,23.0
2024-05-23,room,50.638684210526314,38,29.0,23.0
2024-05-24,desk,23.37289772727273,176,33.0,25.0
2024-05-24,room,31.298684210526314,38,33.0,25.0
2024-05-27,desk,37.31255681818182,176,25.0,18.0
2024-05-27,room,43.62,38,25.0,18.0
2024-05-28,desk,51.01670454545455,176,26.0,18.0
2024-05-28,room,52.83552631578947,38,26.0,18.0
2024-05-29,desk,48.674375000000005,176,26.0,19.0
2024-05-29,room,49.665,38,26.0,19.0
2024-05-30,desk,41.26363636363636,176,35.0,24.0
2024-05-30,room,45.81131578947368,38,35.0,24.0
2024-05-31,desk,17.431079545454544,176,24.0,19.0
2024-05-31,room,23.28763157894737,38,24.0,19.0
2024-06-03,desk,40.770625,176,40.0,22.0
2024-06-03,room,46.27894736842105,38,40.0,22.0
2024-06-04,desk,38.74517045454546,176,33.0,24.0
2024-06-04,room,49.97078947368421,38,33.0,24.0
2024-06-05,desk,38.79960227272728,176,24.0,19.0
2024-06-05,room,46.87342105263158,38,24.0,19.0
2024-06-06,desk,38.30914772727272,176,34.0,26.0
2024-06-06,room,44.595263157894735,38,34.0,26.0
2024-06-07,desk,22.79971590909091,176,39.0,20.0
2024-06-07,room,30.393157894736845,38,39.0,20.0
2024-06-10,desk,30.04073863636364,176,34.0,21.0
2024-06-10,room,44.56,38,34.0,21.0
2024-06-11,desk,43.001704545454544,176,34.0,21.0
2024-06-11,room,52.44157894736842,38,34.0,21.0
2024-06-12,desk,44.682272727272725,176,35.0,21.0
2024-06-12,room,43.12342105263158,38,35.0,21.0
2024-06-13,desk,31.056988636363634,176,28.0,22.0
2024-06-13,room,44.34105263157895,38,28.0,22.0
2024-06-14,desk,23.457670454545454,176,28.0,21.0
2024-06-14,room,28.99342105263158,38,28.0,21.0
2024-06-17,desk,33.78926136363636,176,27.0,20.0
2024-06-17,room,44.48894736842105,38,27.0,20.0
2024-06-18,desk,37.181875,176,29.0,20.0
2024-06-18,room,46.870789473684205,38,29.0,20.0
2024-06-19,desk,35.855965909090905,176,25.0,20.0
2024-06-19,room,49.77289473684211,38,25.0,20.0
2024-06-20,desk,24.276363636363637,176,28.0,22.0
2024-06-20,room,24.491315789473685,38,28.0,22.0
2024-06-21,desk,0.0,176,0.0,0.0
2024-06-21,room,0.0,38,0.0,0.0
2024-06-24,desk,30.117500000000003,176,30.0,23.0
2024-06-24,room,36.66605263157894,38,30.0,23.0
2024-06-25,desk,38.91607954545455,176,29.0,18.0
2024-06-25,room,40.262368421052635,38,29.0,18.0
2024-06-26,desk,41.673579545454544,176,24.0,19.0
2024-06-26,room,39.211052631578944,38,24.0,19.0
2024-06-27,desk,33.94255681818182,176,28.0,18.0
2024-06-27,room,37.8721052631579,38,28.0,18.0
2024-06-28,desk,16.377670454545456,176,23.0,18.0
2024-06-28,room,17.990263157894738,38,23.0,18.0
2024-07-01,desk,19.378068181818183,176,30.0,20.0
2024-07-01,room,21.594736842105263,38,30.0,20.0
2024-07-02,desk,26.42977272727273,176,25.0,19.0
2024-07-02,room,24.019736842105264,38,25.0,19.0
2024-07-03,desk,29.645625,176,21.0,17.0
2024-07-03,room,35.10342105263158,38,21.0,17.0
2024-07-04,desk,26.703068181818182,176,25.0,21.0
2024-07-04,room,30.48894736842105,38,25.0,21.0
2024-07-05,desk,14.472443181818182,176,24.0,19.0
2024-07-05,room,10.062894736842106,38,24.0,19.0
2024-07-08,desk,12.355454545454545,176,26.0,21.0
2024-07-08,room,3.9242105263157896,38,26.0,21.0
2024-07-09,desk,14.937215909090908,176,26.0,19.0
2024-07-09,room,6.276052631578947,38,26.0,19.0
2024-07-10,desk,15.412102272727275,176,23.0,22.0
2024-07-10,room,8.013684210526316,38,23.0,22.0
2024-07-11,desk,14.952840909090911,176,24.0,21.0
2024-07-11,room,9.685526315789474,38,24.0,21.0
2024-07-12,desk,8.550681818181818,176,21.0,16.0
2024-07-12,room,2.7063157894736842,38,21.0,16.0
2024-07-15,desk,8.403636363636364,176,18.0,13.0
2024-07-15,room,3.368157894736842,38,18.0,13.0
2024-07-16,desk,11.914147727272727,176,22.0,15.0
2024-07-16,room,4.302894736842105,38,22.0,15.0
2024-07-17,desk,11.547784090909092,176,5.0,0.0
2024-07-17,room,3.4897368421052635,38,5.0,0.0
2024-07-18,desk,9.693352272727273,176,20.0,15.0
2024-07-18,room,3.4065789473684216,38,20.0,15.0
2024-07-19,desk,6.022215909090909,176,16.0,14.0
2024-07-19,room,3.7660526315789475,38,16.0,14.0
2024-07-22,desk,10.050511363636364,176,22.0,21.0
2024-07-22,room,3.1323684210526315,38,22.0,21.0
2024-07-23,desk,13.649204545454547,176,23.0,15.0
2024-07-23,room,5.499736842105263,38,23.0,15.0
2024-07-24,desk,13.071022727272727,176,31.0,17.0
2024-07-24,room,5.505,38,31.0,17.0
2024-07-25,desk,11.368011363636363,176,25.0,20.0
2024-07-25,room,4.654736842105263,38,25.0,20.0
2024-07-26,desk,6.147840909090909,176,26.0,23.0
2024-07-26,room,1.0086842105263158,38,26.0,23.0
2024-07-29,desk,26.18068181818182,176,21.0,19.0
2024-07-29,room,7.848421052631579,38,21.0,19.0
2024-07-30,desk,27.56039772727273,176,26.0,18.0
2024-07-30,room,19.494999999999997,38,26.0,18.0
2024-07-31,desk,23.72732954545455,176,22.0,18.0
2024-07-31,room,13.701052631578946,38,22.0,18.0
2024-08-01,desk,25.63971590909091,176,26.0,22.0
2024-08-01,room,18.94815789473684,38,26.0,22.0
2024-08-02,desk,15.814602272727273,176,30.0,20.0
2024-08-02,room,9.43578947368421,38,30.0,20.0
2024-08-05,desk,40.15414772727273,176,26.0,22.0
2024-08-05,room,32.231842105263155,38,26.0,22.0
2024-08-06,desk,43.25755681818182,176,25.0,20.0
2024-08-06,room,41.59263157894737,38,25.0,20.0
2024-08-07,desk,40.35965909090909,176,20.0,19.0
2024-08-07,room,37.07184210526316,38,20.0,19.0
2024-08-08,desk,43.27642045454545,176,27.0,21.0
2024-08-08,room,42.96,38,27.0,21.0
2024-08-09,desk,30.215113636363636,176,25.0,23.0
2024-08-09,room,29.070000000000004,38,25.0,23.0
2024-08-12,desk,34.54835227272727,176,27.0,19.0
2024-08-12,room,45.83394736842106,38,27.0,19.0
2024-08-13,desk,42.46147727272727,176,27.0,22.0
2024-08-13,room,49.611315789473686,38,27.0,22.0
2024-08-14,desk,42.511193181818186,176,35.0,24.0
2024-08-14,room,45.94552631578947,38,35.0,24.0
2024-08-15,desk,47.16340909090909,176,26.0,19.0
2024-08-15,room,46.81605263157895,38,26.0,19.0
2024-08-16,desk,26.724318181818184,176,25.0,22.0
2024-08-16,room,37.34078947368421,38,25.0,22.0
2024-08-19,desk,30.17278409090909,176,23.0,17.0
2024-08-19,room,38.44,38,23.0,17.0
2024-08-20,desk,39.86295454545455,176,31.0,16.0
2024-08-20,room,48.16026315789473,38,31.0,16.0
2024-08-21,desk,37.52926136363636,176,33.0,18.0
2024-08-21,room,42.310526315789474,38,33.0,18.0
2024-08-22,desk,40.30284090909091,176,35.0,18.0
2024-08-22,room,44.359736842105264,38,35.0,18.0
2024-08-23,desk,19.369659090909092,176,31.0,19.0
2024-08-23,room,31.70921052631579,38,31.0,19.0
2024-08-26,desk,33.08556818181818,176,31.0,16.0
2024-08-26,room,46.886842105263156,38,31.0,16.0
2024-08-27,desk,39.74852272727273,176,27.0,15.0
2024-08-27,room,52.04736842105263,38,27.0,15.0
2024-08-28,desk,42.200568181818184,176,28.0,15.0
2024-08-28,room,48.85078947368421,38,28.0,15.0
2024-08-29,desk,43.48028409090909,176,28.0,18.0
2024-08-29,room,46.177368421052634,38,28.0,18.0
2024-08-30,desk,22.306875,176,29.0,19.0
2024-08-30,room,21.79421052631579,38,29.0,19.0
2024-09-02,desk,28.625454545454545,176,28.0,19.0
2024-09-02,room,35.61842105263158,38,28.0,19.0
2024-09-03,desk,36.088409090909096,176,35.0,20.0
2024-09-03,room,50.09473684210526,38,35.0,20.0
2024-09-04,desk,36.57363636363636,176,26.0,20.0
2024-09-04,room,43.50052631578947,38,26.0,20.0
2024-09-05,desk,34.500170454545454,176,38.0,17.0
2024-09-05,room,45.07631578947369,38,38.0,17.0
2024-09-06,desk,19.259375000000002,176,28.0,16.0
2024-09-06,room,22.807894736842105,38,28.0,16.0
2024-09-09,desk,30.74011363636364,176,27.0,21.0
2024-09-09,room,45.131052631578946,38,27.0,21.0
2024-09-10,desk,39.99528409090909,176,21.0,14.0
2024-09-10,room,46.07921052631579,38,21.0,14.0
2024-09-11,desk,35.64823863636364,176,22.0,16.0
2024-09-11,room,47.179736842105264,38,22.0,16.0
2024-09-12,desk,36.358125,176,30.0,18.0
2024-09-12,room,48.11736842105263,38,30.0,18.0
2024-09-13,desk,16.11056818181818,176,18.0,14.0
2024-09-13,room,24.062368421052632,38,18.0,14.0
2024-09-16,desk,21.83096590909091,176,26.0,19.0
2024-09-16,room,41.105,38,26.0,19.0
2024-09-17,desk,38.30982954545454,176,24.0,17.0
2024-09-17,room,49.530789473684216,38,24.0,17.0
2024-09-18,desk,36.356249999999996,176,32.0,19.0
2024-09-18,room,44.30026315789474,38,32.0,19.0
2024-09-19,desk,34.46517045454545,176,27.0,21.0
2024-09-19,room,47.18631578947368,38,27.0,21.0
2024-09-20,desk,21.77744318181818,176,22.0,17.0
2024-09-20,room,38.2571052631579,38,22.0,17.0
2024-09-23,desk,27.85380681818182,176,27.0,20.0
2024-09-23,room,42.96368421052632,38,27.0,20.0
2024-09-24,desk,30.637102272727272,176,32.0,18.0
2024-09-24,room,32.32394736842105,38,32.0,18.0
2024-09-25,desk,35.76647727272727,176,22.0,14.0
2024-09-25,room,42.61,38,22.0,14.0
2024-09-26,desk,31.85755681818182,176,20.0,13.0
2024-09-26,room,45.77578947368421,38,20.0,13.0
2024-09-27,desk,18.74772727272727,176,23.0,15.0
2024-09-27,room,34.675000000000004,38,23.0,15.0
2024-09-30,desk,28.62875,176,26.0,19.0
2024-09-30,room,39.15842105263158,38,26.0,19.0
2024-10-01,desk,36.56181818181818,176,29.0,25.0
2024-10-01,room,46.19447368421053,38,29.0,25.0
2024-10-02,desk,44.52789772727272,176,27.0,21.0
2024-10-02,room,42.56710526315789,38,27.0,21.0
2024-10-03,desk,35.752556818181816,176,26.0,19.0
2024-10-03,room,38.020526315789475,38,26.0,19.0
2024-10-04,desk,23.003011363636364,176,28.0,22.0
2024-10-04,room,31.849473684210526,38,28.0,22.0
2024-10-07,desk,28.93085227272727,176,38.0,29.0
2024-10-07,room,36.96894736842105,38,38.0,29.0
2024-10-08,desk,39.80113636363637,176,41.0,24.0
2024-10-08,room,44.48105263157895,38,41.0,24.0
2024-10-09,desk,37.28323863636364,176,34.0,26.0
2024-10-09,room,41.98710526315789,38,34.0,26.0
2024-10-10,desk,38.19886363636363,176,34.0,25.0
2024-10-10,room,42.05894736842105,38,34.0,25.0
2024-10-11,desk,18.011931818181818,176,31.0,19.0
2024-10-11,room,22.12342105263158,38,31.0,19.0
2024-10-14,desk,25.499431818181815,176,26.0,23.0
2024-10-14,room,30.796315789473685,38,26.0,23.0
2024-10-15,desk,26.798125000000002,176,27.0,21.0
2024-10-15,room,33.74131578947369,38,27.0,21.0
2024-10-16,desk,29.74590909090909,176,22.0,19.0
2024-10-16,room,34.88026315789474,38,22.0,19.0
2024-10-17,desk,27.736079545454547,176,30.0,21.0
2024-10-17,room,31.662105263157898,38,30.0,21.0
2024-10-18,desk,15.23784090909091,176,29.0,24.0
2024-10-18,room,21.210789473684212,38,29.0,24.0
2024-10-21,desk,28.741477272727273,176,34.0,25.0
2024-10-21,room,36.20947368421053,38,34.0,25.0
2024-10-22,desk,34.43619318181818,176,36.0,25.0
2024-10-22,room,40.06184210526315,38,36.0,25.0
2024-10-23,desk,36.380625,176,30.0,26.0
2024-10-23,room,43.94210526315789,38,30.0,26.0
2024-10-24,desk,36.26227272727272,176,31.0,27.0
2024-10-24,room,40.74947368421053,38,31.0,27.0
2024-10-25,desk,23.63193181818182,176,26.0,21.0
2024-10-25,room,27.19736842105263,38,26.0,21.0
2024-10-28,desk,41.03329545454545,176,28.0,23.0
2024-10-28,room,43.24605263157895,38,28.0,23.0
2024-10-29,desk,36.30414772727273,176,26.0,21.0
2024-10-29,room,41.16026315789474,38,26.0,21.0
2024-10-30,desk,36.74801136363636,176,27.0,19.0
2024-10-30,room,40.30894736842105,38,27.0,19.0
2024-10-31,desk,32.54636363636364,176,29.0,21.0
2024-10-31,room,41.24815789473684,38,29.0,21.0
2024-11-01,desk,19.454204545454544,176,34.0,19.0
2024-11-01,room,23.754210526315788,38,34.0,19.0
2024-11-04,desk,32.427443181818184,176,31.0,20.0
2024-11-04,room,42.676842105263155,38,31.0,20.0
2024-11-05,desk,41.535284090909094,176,27.0,20.0
2024-11-05,room,43.97605263157895,38,27.0,20.0
2024-11-06,desk,37.313125,176,26.0,22.0
2024-11-06,room,43.3421052631579,38,26.0,22.0
2024-11-07,desk,35.90267045454545,176,29.0,24.0
2024-11-07,room,44.24078947368421,38,29.0,24.0
2024-11-08,desk,20.608863636363637,176,21.0,19.0
2024-11-08,room,30.902631578947368,38,21.0,19.0
2024-11-11,desk,28.909715909090906,176,28.0,19.0
2024-11-11,room,35.313947368421054,38,28.0,19.0
2024-11-12,desk,40.11272727272728,176,29.0,21.0
2024-11-12,room,42.66342105263158,38,29.0,21.0
2024-11-13,desk,34.759204545454544,176,26.0,21.0
2024-11-13,room,40.80552631578948,38,26.0,21.0
2024-11-14,desk,34.12863636363637,176,25.0,21.0
2024-11-14,room,41.25736842105263,38,25.0,21.0
2024-11-15,desk,14.364488636363637,176,25.0,19.0
2024-11-15,room,23.57763157894737,38,25.0,19.0
2024-11-18,desk,30.90164772727273,176,32.0,28.0
2024-11-18,room,40.208684210526314,38,32.0,28.0
2024-11-19,desk,36.25710227272727,176,34.0,25.0
2024-11-19,room,46.622368421052634,38,34.0,25.0
2024-11-20,desk,37.96693181818182,176,30.0,24.0
2024-11-20,room,43.33973684210527,38,30.0,24.0
2024-11-21,desk,28.42977272727273,176,31.0,26.0
2024-11-21,room,37.746315789473684,38,31.0,26.0
2024-11-22,desk,17.956761363636364,176,33.0,26.0
2024-11-22,room,30.553947368421053,38,33.0,26.0
2024-11-25,desk,26.411704545454544,176,31.0,27.0
2024-11-25,room,32.39710526315789,38,31.0,27.0
2024-11-26,desk,36.357670454545456,176,36.0,25.0
2024-11-26,room,46.437105263157896,38,36.0,25.0
2024-11-27,desk,38.56301136363636,176,37.0,27.0
2024-11-27,room,45.691315789473684,38,37.0,27.0
2024-11-28,desk,33.07142045454545,176,33.0,26.0
2024-11-28,room,46.831315789473685,38,33.0,26.0
2024-11-29,desk,13.278636363636364,176,29.0,24.0
2024-11-29,room,26.84421052631579,38,29.0,24.0
2024-12-02,desk,25.267954545454543,176,27.0,25.0
2024-12-02,room,34.12,38,27.0,25.0
2024-12-03,desk,35.746477272727276,176,29.0,23.0
2024-12-03,room,45.409473684210525,38,29.0,23.0
2024-12-04,desk,40.35471590909091,176,24.0,22.0
2024-12-04,room,39.50447368421053,38,24.0,22.0
2024-12-05,desk,18.72375,176,27.0,23.0
2024-12-05,room,32.724736842105266,38,27.0,23.0
2024-12-06,desk,0.0,176,0.0,0.0
2024-12-06,room,0.0,38,0.0,0.0
2024-12-09,desk,28.349147727272726,176,25.0,21.0
2024-12-09,room,38.685,38,25.0,21.0
2024-12-10,desk,36.71153409090909,176,38.0,22.0
2024-12-10,room,47.11684210526316,38,38.0,22.0
2024-12-11,desk,36.80823863636363,176,35.0,22.0
2024-12-11,room,38.245789473684205,38,35.0,22.0
2024-12-12,desk,38.121590909090905,176,24.0,19.0
2024-12-12,room,42.19684210526316,38,24.0,19.0
2024-12-13,desk,15.051534090909092,176,28.0,23.0
2024-12-13,room,24.479736842105265,38,28.0,23.0
2024-12-16,desk,23.54494318181818,176,27.0,21.0
2024-12-16,room,39.041315789473686,38,27.0,21.0
2024-12-17,desk,36.94431818181818,176,35.0,23.0
2024-12-17,room,43.42184210526316,38,35.0,23.0
2024-12-18,desk,33.470625,176,15.0,10.0
2024-12-18,room,44.372368421052634,38,15.0,10.0
2024-12-19,desk,29.020511363636363,176,26.0,20.0
2024-12-19,room,39.09263157894737,38,26.0,20.0
2024-12-20,desk,18.08403409090909,176,29.0,21.0
2024-12-20,room,18.583684210526314,38,29.0,21.0
2024-12-23,desk,3.9350568181818186,176,22.0,16.0
2024-12-23,room,1.1578947368421053,38,22.0,16.0
2024-12-24,desk,0.0,176,0.0,0.0
2024-12-24,room,0.0,38,0.0,0.0
2024-12-25,desk,0.0,176,0.0,0.0
2024-12-25,room,0.0,38,0.0,0.0
2024-12-26,desk,0.0,176,0.0,0.0
2024-12-26,room,0.0,38,0.0,0.0
2024-12-27,desk,3.3931250000000004,176,19.0,18.0
2024-12-27,room,0.6094736842105263,38,19.0,18.0
2024-12-30,desk,10.313409090909092,176,21.0,17.0
2024-12-30,room,8.294473684210526,38,21.0,17.0
2024-12-31,desk,5.366136363636364,176,22.0,16.0
2024-12-31,room,3.061578947368421,38,22.0,16.0
2025-01-01,desk,0.0,176,0.0,0.0
2025-01-01,room,0.0,38,0.0,0.0
2025-01-02,desk,18.252954545454546,176,22.0,15.0
2025-01-02,room,16.74921052631579,38,22.0,15.0
2025-01-03,desk,12.82284090909091,176,22.0,16.0
2025-01-03,room,17.17157894736842,38,22.0,16.0
2025-01-06,desk,0.0,176,0.0,0.0
2025-01-06,room,0.0,38,0.0,0.0
2025-01-07,desk,40.149375,176,25.0,20.0
2025-01-07,room,48.50815789473684,38,25.0,20.0
2025-01-08,desk,41.16005681818182,176,29.0,18.0
2025-01-08,room,41.432105263157894,38,29.0,18.0
2025-01-09,desk,42.88778409090909,176,33.0,23.0
2025-01-09,room,51.802368421052634,38,33.0,23.0
2025-01-10,desk,20.017386363636362,176,26.0,18.0
2025-01-10,room,35.29052631578947,38,26.0,18.0
2025-01-13,desk,23.688977272727275,176,29.0,20.0
2025-01-13,room,39.27894736842105,38,29.0,20.0
2025-01-14,desk,36.98948863636363,176,33.0,21.0
2025-01-14,room,39.71631578947368,38,33.0,21.0
2025-01-15,desk,32.633579545454545,176,22.0,17.0
2025-01-15,room,46.896842105263154,38,22.0,17.0
2025-01-16,desk,36.47897727272727,176,29.0,21.0
2025-01-16,room,48.13552631578948,38,29.0,21.0
2025-01-17,desk,18.178579545454543,176,25.0,18.0
2025-01-17,room,40.82368421052632,38,25.0,18.0
2025-01-20,desk,29.663579545454546,176,21.0,19.0
2025-01-20,room,49.02210526315789,38,21.0,19.0
2025-01-21,desk,37.808465909090906,176,29.0,18.0
2025-01-21,room,49.21026315789474,38,29.0,18.0
2025-01-22,desk,30.668011363636364,176,26.0,17.0
2025-01-22,room,49.764736842105265,38,26.0,17.0
2025-01-23,desk,33.33801136363636,176,27.0,21.0
2025-01-23,room,42.134473684210526,38,27.0,21.0
2025-01-24,desk,20.08244318181818,176,27.0,21.0
2025-01-24,room,41.12605263157894,38,27.0,21.0
2025-01-27,desk,22.083409090909093,176,29.0,20.0
2025-01-27,room,45.025,38,29.0,20.0
2025-01-28,desk,30.71664772727273,176,25.0,20.0
2025-01-28,room,42.00763157894737,38,25.0,20.0
2025-01-29,desk,40.25670454545455,176,29.0,23.0
2025-01-29,room,46.813947368421054,38,29.0,23.0
2025-01-30,desk,31.920795454545456,176,27.0,21.0
2025-01-30,room,50.26921052631579,38,27.0,21.0
2025-01-31,desk,17.903522727272726,176,31.0,23.0
2025-01-31,room,31.264999999999997,38,31.0,23.0
2025-02-03,desk,25.946931818181817,176,27.0,20.0
2025-02-03,room,40.90210526315789,38,27.0,20.0
2025-02-04,desk,37.46755681818182,176,30.0,22.0
2025-02-04,room,48.12157894736842,38,30.0,22.0
2025-02-05,desk,36.10897727272727,176,32.0,21.0
2025-02-05,room,48.647894736842105,38,32.0,21.0
2025-02-06,desk,33.01761363636364,176,31.0,22.0
2025-02-06,room,41.45184210526316,38,31.0,22.0
2025-02-07,desk,18.713863636363637,176,25.0,19.0
2025-02-07,room,42.316842105263156,38,25.0,19.0
2025-02-10,desk,20.64943181818182,176,23.0,19.0
2025-02-10,room,38.43868421052632,38,23.0,19.0
2025-02-11,desk,28.38659090909091,176,26.0,20.0
2025-02-11,room,41.38552631578948,38,26.0,20.0
2025-02-12,desk,33.028068181818185,176,28.0,21.0
2025-02-12,room,44.20236842105263,38,28.0,21.0
2025-02-13,desk,29.648011363636364,176,29.0,22.0
2025-02-13,room,44.17631578947368,38,29.0,22.0
2025-02-14,desk,17.778125,176,27.0,20.0
2025-02-14,room,36.63157894736842,38,27.0,20.0
2025-02-17,desk,21.377443181818183,176,25.0,23.0
2025-02-17,room,43.12394736842106,38,25.0,23.0
2025-02-18,desk,34.74380681818182,176,33.0,23.0
2025-02-18,room,43.89,38,33.0,23.0
2025-02-19,desk,32.481249999999996,176,21.0,16.0
2025-02-19,room,45.27026315789474,38,21.0,16.0
2025-02-20,desk,32.48903409090909,176,26.0,18.0
2025-02-20,room,41.957368421052635,38,26.0,18.0
2025-02-21,desk,15.950284090909092,176,20.0,18.0
2025-02-21,room,30.77078947368421,38,20.0,18.0
2025-02-24,desk,19.809431818181817,176,21.0,18.0
2025-02-24,room,24.344736842105263,38,21.0,18.0
2025-02-25,desk,19.690511363636364,176,30.0,24.0
2025-02-25,room,35.383421052631576,38,30.0,24.0
2025-02-26,desk,22.661079545454545,176,26.0,24.0
2025-02-26,room,35.195789473684215,38,26.0,24.0
2025-02-27,desk,21.267954545454543,176,27.0,23.0
2025-02-27,room,29.238421052631576,38,27.0,23.0
2025-02-28,desk,1.9073863636363635,176,23.0,17.0
2025-02-28,room,3.8860526315789476,38,23.0,17.0
2025-03-03,desk,24.57289772727273,176,25.0,19.0
2025-03-03,room,39.255,38,25.0,19.0
2025-03-04,desk,34.61892045454545,176,34.0,24.0
2025-03-04,room,52.668684210526315,38,34.0,24.0
2025-03-05,desk,35.98340909090909,176,22.0,15.0
2025-03-05,room,50.51078947368421,38,22.0,15.0
2025-03-06,desk,32.288920454545455,176,36.0,25.0
2025-03-06,room,54.9671052631579,38,36.0,25.0
2025-03-07,desk,17.412613636363634,176,22.0,19.0
2025-03-07,room,30.808157894736844,38,22.0,19.0
2025-03-10,desk,23.388579545454547,176,25.0,17.0
2025-03-10,room,48.03236842105263,38,25.0,17.0
2025-03-11,desk,31.727670454545454,176,26.0,18.0
2025-03-11,room,45.56263157894737,38,26.0,18.0
2025-03-12,desk,31.530681818181815,176,25.0,19.0
2025-03-12,room,48.41894736842105,38,25.0,19.0
2025-03-13,desk,28.18136363636364,176,28.0,20.0
2025-03-13,room,42.804210526315785,38,28.0,20.0
2025-03-14,desk,15.194147727272728,176,25.0,18.0
2025-03-14,room,22.96421052631579,38,25.0,18.0
2025-03-17,desk,23.605000000000004,176,24.0,17.0
2025-03-17,room,37.046052631578945,38,24.0,17.0
2025-03-18,desk,32.602329545454545,176,32.0,25.0
2025-03-18,room,44.33631578947368,38,32.0,25.0
2025-03-19,desk,30.80090909090909,176,21.0,18.0
2025-03-19,room,46.485,38,21.0,18.0
2025-03-20,desk,34.039204545454545,176,29.0,19.0
2025-03-20,room,42.05131578947368,38,29.0,19.0
2025-03-21,desk,16.266022727272727,176,27.0,13.0
2025-03-21,room,29.934736842105263,38,27.0,13.0
2025-03-24,desk,25.616363636363634,176,23.0,18.0
2025-03-24,room,41.02605263157895,38,23.0,18.0
2025-03-25,desk,34.848068181818185,176,25.0,19.0
2025-03-25,room,53.145526315789475,38,25.0,19.0
2025-03-26,desk,33.47744318181818,176,30.0,20.0
2025-03-26,room,45.90394736842105,38,30.0,20.0
2025-03-27,desk,34.28426136363636,176,29.0,22.0
2025-03-27,room,43.98315789473685,38,29.0,22.0
2025-03-28,desk,2.489715909090909,176,25.0,20.0
2025-03-28,room,5.487105263157894,38,25.0,20.0
2025-03-31,desk,26.21534090909091,176,20.0,17.0
2025-03-31,room,37.58184210526316,38,20.0,17.0
2025-04-01,desk,36.59880681818182,176,22.0,18.0
2025-04-01,room,47.347368421052636,38,22.0,18.0
2025-04-02,desk,37.43982954545454,176,24.0,20.0
2025-04-02,room,50.66789473684211,38,24.0,20.0
2025-04-03,desk,32.99625,176,21.0,17.0
2025-04-03,room,39.80736842105264,38,21.0,17.0
2025-04-04,desk,17.874943181818182,176,23.0,15.0
2025-04-04,room,26.380000000000003,38,23.0,15.0
2025-04-07,desk,21.516875000000002,176,24.0,17.0
2025-04-07,room,34.25394736842105,38,24.0,17.0
2025-04-08,desk,33.131761363636365,176,31.0,19.0
2025-04-08,room,41.20684210526316,38,31.0,19.0
2025-04-09,desk,31.189375,176,21.0,16.0
2025-04-09,room,34.05684210526316,38,21.0,16.0
2025-04-10,desk,30.767159090909093,176,22.0,19.0
2025-04-10,room,34.60236842105263,38,22.0,19.0
2025-04-11,desk,16.91693181818182,176,20.0,18.0
2025-04-11,room,24.704473684210527,38,20.0,18.0
2025-04-14,desk,26.89494318181818,176,20.0,15.0
2025-04-14,room,36.98157894736842,38,20.0,15.0
2025-04-15,desk,34.47909090909091,176,28.0,20.0
2025-04-15,room,39.70763157894737,38,28.0,20.0
2025-04-16,desk,31.067840909090908,176,27.0,17.0
2025-04-16,room,37.227631578947374,38,27.0,17.0
2025-04-17,desk,15.140738636363636,176,25.0,18.0
2025-04-17,room,17.441315789473684,38,25.0,18.0
2025-04-18,desk,0.0,176,0.0,0.0
2025-04-18,room,0.0,38,0.0,0.0
2025-04-21,desk,0.0,176,0.0,0.0
2025-04-21,room,0.0,38,0.0,0.0
2025-04-22,desk,25.506875,176,26.0,17.0
2025-04-22,room,32.11052631578948,38,26.0,17.0
2025-04-23,desk,33.02568181818182,176,32.0,27.0
2025-04-23,room,41.4671052631579,38,32.0,27.0
2025-04-24,desk,31.342954545454543,176,30.0,25.0
2025-04-24,room,41.36736842105263,38,30.0,25.0
2025-04-25,desk,16.348863636363635,176,22.0,18.0
2025-04-25,room,26.38342105263158,38,22.0,18.0
2025-04-28,desk,26.15102272727273,176,24.0,22.0
2025-04-28,room,44.82763157894737,38,24.0,22.0
2025-04-29,desk,33.529318181818184,176,33.0,24.0
2025-04-29,room,44.98447368421053,38,33.0,24.0
2025-04-30,desk,22.655454545454546,176,32.0,27.0
2025-04-30,room,33.27684210526316,38,32.0,27.0
2025-05-01,desk,0.0,176,0.0,0.0
2025-05-01,room,0.0,38,0.0,0.0
2025-05-02,desk,7.57375,176,19.0,18.0
2025-05-02,room,6.231315789473685,38,19.0,18.0
2025-05-05,desk,29.555397727272727,176,26.0,17.0
2025-05-05,room,44.69078947368421,38,26.0,17.0
2025-05-06,desk,37.10454545454545,176,26.0,20.0
2025-05-06,room,41.01394736842105,38,26.0,20.0
2025-05-07,desk,30.072102272727275,176,26.0,16.0
2025-05-07,room,42.36526315789474,38,26.0,16.0
2025-05-08,desk,35.113806818181814,176,26.0,18.0
2025-05-08,room,45.308157894736844,38,26.0,18.0
2025-05-09,desk,16.286079545454545,176,24.0,19.0
2025-05-09,room,32.842894736842105,38,24.0,19.0
2025-05-12,desk,22.294204545454548,176,30.0,22.0
2025-05-12,room,33.74921052631579,38,30.0,22.0
2025-05-13,desk,40.214375000000004,176,23.0,18.0
2025-05-13,room,41.21526315789474,38,23.0,18.0
2025-05-14,desk,31.327443181818182,176,26.0,17.0
2025-05-14,room,40.20105263157895,38,26.0,17.0
2025-05-15,desk,8.270852272727273,176,28.0,17.0
2025-05-15,room,37.26973684210526,38,28.0,17.0
2025-05-16,desk,14.164261363636363,176,22.0,16.0
2025-05-16,room,20.529473684210526,38,22.0,16.0
2025-05-19,desk,25.482954545454547,176,27.0,18.0
2025-05-19,room,34.076578947368425,38,27.0,18.0
2025-05-20,desk,38.15204545454546,176,29.0,18.0
2025-05-20,room,49.48157894736842,38,29.0,18.0
2025-05-21,desk,33.057897727272724,176,26.0,17.0
2025-05-21,room,44.79921052631579,38,26.0,17.0
2025-05-22,desk,31.63875,176,25.0,16.0
2025-05-22,room,34.03973684210526,38,25.0,16.0
2025-05-23,desk,11.155113636363636,176,24.0,16.0
2025-05-23,room,27.61921052631579,38,24.0,16.0
2025-05-26,desk,28.318977272727274,176,31.0,23.0
2025-05-26,room,41.42236842105263,38,31.0,23.0
2025-05-27,desk,34.537727272727274,176,33.0,23.0
2025-05-27,room,44.3721052631579,38,33.0,23.0
2025-05-28,desk,31.124659090909095,176,28.0,22.0
2025-05-28,room,40.46447368421053,38,28.0,22.0
2025-05-29,desk,0.7825568181818181,176,0.0,0.0
2025-05-29,room,0.7102631578947368,38,0.0,0.0
2025-05-30,desk,7.867727272727273,176,24.0,19.0
2025-05-30,room,7.363947368421052,38,24.0,19.0
2025-06-02,desk,26.08852272727273,176,27.0,18.0
2025-06-02,room,32.84684210526316,38,27.0,18.0
2025-06-03,desk,37.683125000000004,176,31.0,22.0
2025-06-03,room,35.584736842105265,38,31.0,22.0
2025-06-04,desk,39.64630681818182,176,26.0,19.0
2025-06-04,room,38.81657894736842,38,26.0,19.0
2025-06-05,desk,18.889261363636365,176,24.0,16.0
2025-06-05,room,33.27447368421053,38,24.0,16.0
2025-06-06,desk,17.245511363636364,176,21.0,17.0
2025-06-06,room,19.17736842105263,38,21.0,17.0
2025-06-09,desk,19.035625,176,24.0,17.0
2025-06-09,room,30.08868421052632,38,24.0,17.0
2025-06-10,desk,29.383352272727276,176,21.0,18.0
2025-06-10,room,38.36526315789474,38,21.0,18.0
2025-06-11,desk,25.921022727272728,176,29.0,20.0
2025-06-11,room,36.37657894736842,38,29.0,20.0
2025-06-12,desk,27.469829545454548,176,33.0,23.0
2025-06-12,room,32.979473684210525,38,33.0,23.0
2025-06-13,desk,17.33778409090909,176,26.0,23.0
2025-06-13,room,22.556315789473683,38,26.0,23.0
2025-06-16,desk,19.03318181818182,176,25.0,18.0
2025-06-16,room,30.811578947368417,38,25.0,18.0
2025-06-17,desk,26.681704545454547,176,24.0,21.0
2025-06-17,room,38.21368421052632,38,24.0,21.0
2025-06-18,desk,25.03534090909091,176,20.0,18.0
2025-06-18,room,38.69605263157895,38,20.0,18.0
2025-06-19,desk,13.195397727272727,176,26.0,21.0
2025-06-19,room,17.00578947368421,38,26.0,21.0
2025-06-20,desk,0.0,176,0.0,0.0
2025-06-20,room,0.0,38,0.0,0.0
2025-06-23,desk,18.596704545454546,176,23.0,18.0
2025-06-23,room,21.05894736842105,38,23.0,18.0
2025-06-24,desk,24.23056818181818,176,28.0,24.0
2025-06-24,room,31.780789473684212,38,28.0,24.0
2025-06-25,desk,22.967159090909092,176,27.0,22.0
2025-06-25,room,35.07763157894737,38,27.0,22.0
2025-06-26,desk,19.063977272727275,176,28.0,21.0
2025-06-26,room,24.943421052631578,38,28.0,21.0
2025-06-27,desk,11.571306818181817,176,25.0,17.0
2025-06-27,room,17.311842105263157,38,25.0,17.0
2025-06-30,desk,16.910227272727273,176,25.0,21.0
2025-06-30,room,21.117105263157896,38,25.0,21.0
2025-07-01,desk,22.595625,176,25.0,25.0
2025-07-01,room,24.462368421052634,38,25.0,25.0
2025-07-02,desk,22.488636363636363,176,21.0,19.0
2025-07-02,room,20.086842105263155,38,21.0,19.0
2025-07-03,desk,19.13215909090909,176,19.0,17.0
2025-07-03,room,18.850789473684213,38,19.0,17.0
2025-07-04,desk,11.27465909090909,176,21.0,20.0
2025-07-04,room,8.696578947368423,38,21.0,20.0
2025-07-07,desk,8.291136363636364,176,19.0,17.0
2025-07-07,room,7.346052631578947,38,19.0,17.0
2025-07-08,desk,11.831818181818182,176,23.0,20.0
2025-07-08,room,13.113947368421051,38,23.0,20.0
2025-07-09,desk,12.380738636363638,176,18.0,16.0
2025-07-09,room,7.504473684210526,38,18.0,16.0
2025-07-10,desk,8.224147727272728,176,23.0,20.0
2025-07-10,room,5.54078947368421,38,23.0,20.0
2025-07-11,desk,3.88625,176,19.0,18.0
2025-07-11,room,2.882631578947368,38,19.0,18.0
2025-07-14,desk,5.636761363636364,176,20.0,18.0
2025-07-14,room,2.9213157894736845,38,20.0,18.0
2025-07-15,desk,6.687897727272727,176,24.0,17.0
2025-07-15,room,2.7936842105263158,38,24.0,17.0
2025-07-16,desk,5.084034090909091,176,23.0,19.0
2025-07-16,room,4.938421052631579,38,23.0,19.0
2025-07-17,desk,4.258636363636364,176,21.0,14.0
2025-07-17,room,5.660526315789474,38,21.0,14.0
2025-07-18,desk,3.0115909090909088,176,16.0,15.0
2025-07-18,room,1.9473684210526316,38,16.0,15.0
2025-07-21,desk,5.301136363636363,176,17.0,16.0
2025-07-21,room,4.636052631578948,38,17.0,16.0
2025-07-22,desk,6.068636363636363,176,19.0,17.0
2025-07-22,room,5.045789473684211,38,19.0,17.0
2025-07-23,desk,5.584431818181819,176,20.0,17.0
2025-07-23,room,1.7121052631578948,38,20.0,17.0
2025-07-24,desk,4.497272727272727,176,22.0,18.0
2025-07-24,room,2.465,38,22.0,18.0
2025-07-25,desk,3.663011363636364,176,16.0,15.0
2025-07-25,room,1.64,38,16.0,15.0
2025-07-28,desk,8.633465909090908,176,21.0,18.0
2025-07-28,room,4.599473684210526,38,21.0,18.0
2025-07-29,desk,11.26284090909091,176,25.0,20.0
2025-07-29,room,8.42342105263158,38,25.0,20.0
2025-07-30,desk,9.768238636363636,176,36.0,23.0
2025-07-30,room,9.434736842105263,38,36.0,23.0
2025-07-31,desk,9.455,176,53.0,21.0
2025-07-31,room,9.418421052631578,38,53.0,21.0
2025-08-01,desk,6.509147727272728,176,28.0,23.0
2025-08-01,room,4.961052631578948,38,28.0,23.0
2025-08-04,desk,21.067102272727272,176,21.0,18.0
2025-08-04,room,17.944473684210525,38,21.0,18.0
2025-08-05,desk,25.80471590909091,176,25.0,18.0
2025-08-05,room,24.38342105263158,38,25.0,18.0
2025-08-06,desk,23.05948863636364,176,19.0,17.0
2025-08-06,room,24.548947368421054,38,19.0,17.0
2025-08-07,desk,22.91028409090909,176,25.0,20.0
2025-08-07,room,30.961052631578948,38,25.0,20.0
2025-08-08,desk,10.184886363636364,176,22.0,19.0
2025-08-08,room,12.873157894736842,38,22.0,19.0
2025-08-11,desk,19.775000000000002,176,13.0,9.0
2025-08-11,room,28.18421052631579,38,13.0,9.0
2025-08-12,desk,26.59840909090909,176,14.0,9.0
2025-08-12,room,38.13894736842105,38,14.0,9.0
2025-08-13,desk,24.290170454545454,176,4.0,0.0
2025-08-13,room,34.99368421052632,38,4.0,0.0
2025-08-14,desk,22.79494318181818,176,30.0,22.0
2025-08-14,room,33.677894736842106,38,30.0,22.0
2025-08-15,desk,12.605113636363637,176,26.0,21.0
2025-08-15,room,17.91763157894737,38,26.0,21.0
2025-08-18,desk,19.74102272727273,176,29.0,20.0
2025-08-18,room,25.012105263157896,38,29.0,20.0
2025-08-19,desk,24.80494318181818,176,33.0,23.0
2025-08-19,room,27.53026315789474,38,33.0,23.0
2025-08-20,desk,20.853977272727274,176,27.0,23.0
2025-08-20,room,25.477631578947367,38,27.0,23.0
2025-08-21,desk,17.48931818181818,176,34.0,25.0
2025-08-21,room,24.662368421052633,38,34.0,25.0
2025-08-22,desk,12.965397727272727,176,33.0,21.0
2025-08-22,room,20.439736842105265,38,33.0,21.0
2025-08-25,desk,17.146136363636366,176,23.0,19.0
2025-08-25,room,33.980526315789476,38,23.0,19.0
2025-08-26,desk,26.305511363636366,176,34.0,26.0
2025-08-26,room,41.166315789473686,38,34.0,26.0
2025-08-27,desk,24.653863636363635,176,30.0,24.0
2025-08-27,room,39.91342105263158,38,30.0,24.0
2025-08-28,desk,21.857613636363638,176,29.0,23.0
2025-08-28,room,37.38315789473684,38,29.0,23.0
2025-08-29,desk,10.792784090909091,176,32.0,18.0
2025-08-29,room,23.96578947368421,38,32.0,18.0
2025-09-01,desk,20.891761363636363,176,32.0,24.0
2025-09-01,room,33.685526315789474,38,32.0,24.0
2025-09-02,desk,23.35340909090909,176,34.0,24.0
2025-09-02,room,39.405,38,34.0,24.0
2025-09-03,desk,22.101363636363637,176,29.0,19.0
2025-09-03,room,31.021052631578947,38,29.0,19.0
2025-09-04,desk,21.033295454545456,176,25.0,19.0
2025-09-04,room,38.558684210526316,38,25.0,19.0
2025-09-05,desk,10.222386363636364,176,30.0,21.0
2025-09-05,room,19.475263157894734,38,30.0,21.0
2025-09-08,desk,17.530113636363637,176,24.0,16.0
2025-09-08,room,42.13236842105263,38,24.0,16.0
2025-09-09,desk,21.50375,176,29.0,15.0
2025-09-09,room,36.347368421052636,38,29.0,15.0
2025-09-10,desk,20.649261363636363,176,20.0,16.0
2025-09-10,room,37.752105263157894,38,20.0,16.0
2025-09-11,desk,18.595227272727275,176,27.0,20.0
2025-09-11,room,41.537894736842105,38,27.0,20.0
2025-09-12,desk,11.154034090909091,176,28.0,18.0
2025-09-12,room,19.176052631578948,38,28.0,18.0
2025-09-15,desk,15.902897727272727,176,25.0,18.0
2025-09-15,room,40.67815789473684,38,25.0,18.0
2025-09-16,desk,20.44965909090909,176,29.0,21.0
2025-09-16,room,37.453421052631576,38,29.0,21.0
2025-09-17,desk,20.351363636363637,176,23.0,20.0
2025-09-17,room,38.617105263157896,38,23.0,20.0
2025-09-18,desk,18.863068181818182,176,31.0,20.0
2025-09-18,room,34.60526315789474,38,31.0,20.0
2025-09-19,desk,12.114090909090908,176,31.0,24.0
2025-09-19,room,30.506842105263157,38,31.0,24.0
2025-09-22,desk,28.393693181818183,176,23.0,17.0
2025-09-22,room,35.24684210526316,38,23.0,17.0
2025-09-23,desk,38.16528409090909,176,29.0,18.0
2025-09-23,room,40.040263157894735,38,29.0,18.0
2025-09-24,desk,33.951761363636365,176,26.0,20.0
2025-09-24,room,48.441842105263156,38,26.0,20.0
2025-09-25,desk,28.114772727272726,176,36.0,23.0
2025-09-25,room,44.80894736842105,38,36.0,23.0
2025-09-26,desk,15.91068181818182,176,28.0,22.0
2025-09-26,room,24.05763157894737,38,28.0,22.0
2025-09-29,desk,29.64363636363636,176,31.0,19.0
2025-09-29,room,43.29,38,31.0,19.0
2025-09-30,desk,40.3925,176,29.0,21.0
2025-09-30,room,42.05921052631579,38,29.0,21.0
2025-10-01,desk,33.57386363636363,176,23.0,18.0
2025-10-01,room,41.56947368421053,38,23.0,18.0
2025-10-02,desk,32.0225,176,33.0,23.0
2025-10-02,room,36.300000000000004,38,33.0,23.0
2025-10-03,desk,15.196761363636364,176,29.0,22.0
2025-10-03,room,21.42421052631579,38,29.0,22.0
2025-10-06,desk,25.47579545454545,176,24.0,16.0
2025-10-06,room,35.56,38,24.0,16.0
2025-10-07,desk,39.90647727272727,176,24.0,21.0
2025-10-07,room,35.89421052631579,38,24.0,21.0
2025-10-08,desk,33.93693181818182,176,27.0,20.0
2025-10-08,room,40.31552631578948,38,27.0,20.0
2025-10-09,desk,32.05323863636364,176,31.0,18.0
2025-10-09,room,40.81026315789474,38,31.0,18.0
2025-10-10,desk,14.999829545454544,176,24.0,18.0
2025-10-10,room,21.470526315789474,38,24.0,18.0
2025-10-13,desk,23.25193181818182,176,26.0,20.0
2025-10-13,room,27.27947368421053,38,26.0,20.0
2025-10-14,desk,19.50613636363636,176,30.0,20.0
2025-10-14,room,31.284999999999997,38,30.0,20.0
2025-10-15,desk,25.050795454545458,176,27.0,20.0
2025-10-15,room,38.61842105263158,38,27.0,20.0
2025-10-16,desk,28.17375,176,30.0,23.0
2025-10-16,room,30.02605263157895,38,30.0,23.0
2025-10-17,desk,12.354602272727272,176,23.0,20.0
2025-10-17,room,17.436842105263157,38,23.0,20.0
2025-10-20,desk,23.443920454545456,176,31.0,23.0
2025-10-20,room,41.074473684210524,38,31.0,23.0
2025-10-21,desk,37.15471590909091,176,27.0,21.0
2025-10-21,room,41.268157894736845,38,27.0,21.0
2025-10-22,desk,34.40857954545454,176,26.0,20.0
2025-10-22,room,45.615526315789474,38,26.0,20.0
2025-10-23,desk,35.03897727272727,176,38.0,29.0
2025-10-23,room,41.15105263157895,38,38.0,29.0
2025-10-24,desk,13.235909090909091,176,22.0,20.0
2025-10-24,room,16.52868421052632,38,22.0,20.0
2025-10-27,desk,25.969886363636363,176,25.0,20.0
2025-10-27,room,32.72447368421052,38,25.0,20.0
2025-10-28,desk,37.96119318181818,176,32.0,25.0
2025-10-28,room,38.05657894736842,38,32.0,25.0
2025-10-29,desk,36.12522727272727,176,33.0,20.0
2025-10-29,room,36.33342105263158,38,33.0,20.0
2025-10-30,desk,36.13698863636363,176,28.0,21.0
2025-10-30,room,41.314473684210526,38,28.0,21.0
2025-10-31,desk,16.335227272727273,176,25.0,21.0
2025-10-31,room,19.122105263157895,38,25.0,21.0
2025-11-03,desk,25.16431818181818,176,24.0,19.0
2025-11-03,room,38.74026315789474,38,24.0,19.0
2025-11-04,desk,41.110113636363636,176,37.0,23.0
2025-11-04,room,39.67368421052632,38,37.0,23.0
2025-11-05,desk,33.94267045454546,176,29.0,17.0
2025-11-05,room,35.77736842105263,38,29.0,17.0
2025-11-06,desk,32.73920454545455,176,31.0,21.0
2025-11-06,room,37.73710526315789,38,31.0,21.0
2025-11-07,desk,18.104261363636365,176,23.0,18.0
2025-11-07,room,28.936052631578946,38,23.0,18.0
2025-11-10,desk,22.090681818181817,176,45.0,22.0
2025-11-10,room,30.11263157894737,38,45.0,22.0
2025-11-11,desk,32.98579545454545,176,34.0,21.0
2025-11-11,room,37.787894736842105,38,34.0,21.0
2025-11-12,desk,28.531818181818185,176,30.0,20.0
2025-11-12,room,32.96578947368421,38,30.0,20.0
2025-11-13,desk,28.951704545454547,176,32.0,21.0
2025-11-13,room,36.45105263157895,38,32.0,21.0
2025-11-14,desk,15.44625,176,28.0,21.0
2025-11-14,room,23.689473684210526,38,28.0,21.0
2025-11-17,desk,20.29846590909091,176,26.0,20.0
2025-11-17,room,30.37921052631579,38,26.0,20.0
2025-11-18,desk,32.02335227272727,176,28.0,18.0
2025-11-18,room,37.136315789473684,38,28.0,18.0
2025-11-19,desk,32.71096590909091,176,27.0,23.0
2025-11-19,room,38.06342105263158,38,27.0,23.0
2025-11-20,desk,31.911761363636366,176,24.0,20.0
2025-11-20,room,36.41473684210526,38,24.0,20.0
2025-11-21,desk,16.883352272727276,176,30.0,18.0
2025-11-21,room,20.156315789473684,38,30.0,18.0
2025-11-24,desk,23.053863636363637,176,23.0,20.0
2025-11-24,room,30.29657894736842,38,23.0,20.0
2025-11-25,desk,32.76193181818182,176,41.0,22.0
2025-11-25,room,38.91552631578947,38,41.0,22.0
2025-11-26,desk,32.395056818181814,176,32.0,23.0
2025-11-26,room,30.881315789473685,38,32.0,23.0
2025-11-27,desk,26.161420454545453,176,30.0,20.0
2025-11-27,room,32.57973684210526,38,30.0,20.0
2025-11-28,desk,15.886363636363637,176,29.0,20.0
2025-11-28,room,16.290526315789474,38,29.0,20.0
2025-12-01,desk,21.490965909090907,176,24.0,17.0
2025-12-01,room,27.218421052631577,38,24.0,17.0
2025-12-02,desk,34.14295454545454,176,43.0,21.0
2025-12-02,room,32.80973684210526,38,43.0,21.0
2025-12-03,desk,33.19034090909091,176,34.0,28.0
2025-12-03,room,41.69078947368421,38,34.0,28.0
2025-12-04,desk,35.938238636363636,176,31.0,23.0
2025-12-04,room,40.38263157894737,38,31.0,23.0
2025-12-05,desk,14.639829545454546,176,26.0,17.0
2025-12-05,room,22.961052631578948,38,26.0,17.0
2025-12-08,desk,25.71494318181818,176,26.0,21.0
2025-12-08,room,35.60236842105263,38,26.0,21.0
2025-12-09,desk,32.599602272727275,176,26.0,21.0
2025-12-09,room,38.74026315789474,38,26.0,21.0
2025-12-10,desk,32.64869318181818,176,26.0,19.0
2025-12-10,room,39.94447368421053,38,26.0,19.0
2025-12-11,desk,32.213806818181816,176,38.0,28.0
2025-12-11,room,36.60763157894737,38,38.0,28.0
2025-12-12,desk,11.506534090909092,176,21.0,17.0
2025-12-12,room,18.103157894736842,38,21.0,17.0
2025-12-15,desk,22.715795454545454,176,33.0,23.0
2025-12-15,room,35.03315789473684,38,33.0,23.0
2025-12-16,desk,32.75335227272728,176,28.0,20.0
2025-12-16,room,36.17236842105263,38,28.0,20.0
2025-12-17,desk,30.512954545454544,176,31.0,21.0
2025-12-17,room,39.47263157894737,38,31.0,21.0
2025-12-18,desk,29.155397727272728,176,26.0,22.0
2025-12-18,room,46.982894736842105,38,26.0,22.0
2025-12-19,desk,15.674772727272728,176,26.0,21.0
2025-12-19,room,14.364473684210527,38,26.0,21.0
2025-12-22,desk,13.25096590909091,176,23.0,15.0
2025-12-22,room,8.772894736842105,38,23.0,15.0
2025-12-23,desk,6.343295454545455,176,23.0,17.0
2025-12-23,room,2.684736842105263,38,23.0,17.0
2025-12-24,desk,0.0,176,1.0,0.0
2025-12-24,room,0.0,38,1.0,0.0
2025-12-25,desk,0.0,176,0.0,0.0
2025-12-25,room,0.0,38,0.0,0.0
2025-12-26,desk,0.0,176,0.0,0.0
2025-12-26,room,0.0,38,0.0,0.0
2025-12-29,desk,9.192784090909091,176,16.0,14.0
2025-12-29,room,7.824473684210526,38,16.0,14.0
2025-12-30,desk,11.896193181818182,176,23.0,18.0
2025-12-30,room,6.085,38,23.0,18.0
2025-12-31,desk,4.881761363636364,176,22.0,16.0
2025-12-31,room,0.5963157894736841,38,22.0,16.0
2026-01-01,desk,0.0,176,0.0,0.0
2026-01-01,room,0.0,38,0.0,0.0
2026-01-02,desk,6.069147727272727,176,16.0,13.0
2026-01-02,room,1.0089473684210528,38,16.0,13.0
2026-01-05,desk,12.856022727272727,176,15.0,14.0
2026-01-05,room,5.532368421052631,38,15.0,14.0
2026-01-06,desk,0.0,176,2.0,1.0
2026-01-06,room,0.0,38,2.0,1.0
2026-01-07,desk,33.280170454545456,176,24.0,20.0
2026-01-07,room,41.87052631578947,38,24.0,20.0
2026-01-08,desk,38.776022727272725,176,29.0,16.0
2026-01-08,room,36.5771052631579,38,29.0,16.0
2026-01-09,desk,17.817102272727272,176,26.0,18.0
2026-01-09,room,24.327368421052633,38,26.0,18.0
2026-01-12,desk,26.648068181818186,176,22.0,19.0
2026-01-12,room,41.50394736842105,38,22.0,19.0
2026-01-13,desk,33.17125,176,27.0,18.0
2026-01-13,room,44.36736842105263,38,27.0,18.0
2026-01-14,desk,32.63102272727273,176,29.0,25.0
2026-01-14,room,38.13421052631579,38,29.0,25.0
2026-01-15,desk,28.56619318181818,176,23.0,18.0
2026-01-15,room,35.47394736842105,38,23.0,18.0
2026-01-16,desk,20.540681818181817,176,25.0,21.0
2026-01-16,room,26.952368421052633,38,25.0,21.0
2026-01-19,desk,24.45102272727273,176,22.0,19.0
2026-01-19,room,39.68052631578948,38,22.0,19.0
2026-01-20,desk,35.08715909090909,176,36.0,22.0
2026-01-20,room,39.66131578947369,38,36.0,22.0
2026-01-21,desk,33.66982954545455,176,26.0,18.0
2026-01-21,room,42.49263157894737,38,26.0,18.0
2026-01-22,desk,32.04568181818182,176,23.0,18.0
2026-01-22,room,43.75578947368421,38,23.0,18.0
2026-01-23,desk,16.292272727272728,176,21.0,17.0
2026-01-23,room,23.421842105263156,38,21.0,17.0
2026-01-26,desk,15.995,176,29.0,22.0
2026-01-26,room,33.008947368421055,38,29.0,22.0
2026-01-27,desk,32.45977272727273,176,26.0,23.0
2026-01-27,room,35.12263157894737,38,26.0,23.0
2026-01-28,desk,32.73113636363637,176,32.0,26.0
2026-01-28,room,47.18815789473685,38,32.0,26.0
2026-01-29,desk,34.66778409090909,176,30.0,22.0
2026-01-29,room,44.30315789473684,38,30.0,22.0
2026-01-30,desk,17.760284090909092,176,21.0,16.0
2026-01-30,room,26.45736842105263,38,21.0,16.0
2026-02-02,desk,19.244488636363638,176,26.0,20.0
2026-02-02,room,19.641052631578948,38,26.0,20.0
2026-02-03,desk,29.795227272727274,176,31.0,23.0
2026-02-03,room,38.47289473684211,38,31.0,23.0
2026-02-04,desk,30.05301136363636,176,29.0,23.0
2026-02-04,room,42.22868421052632,38,29.0,23.0
2026-02-05,desk,31.45590909090909,176,35.0,20.0
2026-02-05,room,38.68684210526315,38,35.0,20.0
2026-02-06,desk,17.818920454545456,176,31.0,23.0
2026-02-06,room,30.43421052631579,38,31.0,23.0
2026-02-09,desk,20.140568181818182,176,33.0,21.0
2026-02-09,room,37.29184210526316,38,33.0,21.0
2026-02-10,desk,32.43005681818182,176,32.0,19.0
2026-02-10,room,43.489999999999995,38,32.0,19.0
2026-02-11,desk,32.86153409090909,176,27.0,20.0
2026-02-11,room,42.79526315789474,38,27.0,20.0
2026-02-12,desk,28.852102272727276,176,23.0,16.0
2026-02-12,room,39.82052631578947,38,23.0,16.0
2026-02-13,desk,12.217556818181817,176,21.0,15.0
2026-02-13,room,24.76736842105263,38,21.0,15.0
2026-02-16,desk,25.696420454545454,176,25.0,19.0
2026-02-16,room,42.99315789473684,38,25.0,19.0
2026-02-17,desk,29.02534090909091,176,28.0,20.0
2026-02-17,room,37.01552631578948,38,28.0,20.0
2026-02-18,desk,29.74244318181818,176,23.0,17.0
2026-02-18,room,40.304736842105264,38,23.0,17.0
2026-02-19,desk,33.302443181818184,176,29.0,22.0
2026-02-19,room,40.52447368421053,38,29.0,22.0
2026-02-20,desk,15.362556818181817,176,26.0,21.0
2026-02-20,room,16.789473684210527,38,26.0,21.0
2026-02-23,desk,19.411306818181817,176,24.0,21.0
2026-02-23,room,25.84921052631579,38,24.0,21.0
2026-02-24,desk,27.528125,176,35.0,22.0
2026-02-24,room,35.09263157894737,38,35.0,22.0
2026-02-25,desk,27.430000000000003,176,22.0,16.0
2026-02-25,room,37.17868421052631,38,22.0,16.0
2026-02-26,desk,23.756590909090907,176,30.0,21.0
2026-02-26,room,28.010789473684213,38,30.0,21.0
2026-02-27,desk,13.901363636363635,176,21.0,19.0
2026-02-27,room,12.756842105263157,38,21.0,19.0
2026-03-02,desk,28.89244318181818,176,31.0,21.0
2026-03-02,room,40.050000000000004,38,31.0,21.0
2026-03-03,desk,32.73051136363636,176,28.0,21.0
2026-03-03,room,44.02368421052632,38,28.0,21.0
2026-03-04,desk,28.933124999999997,176,28.0,18.0
2026-03-04,room,47.43684210526316,38,28.0,18.0
2026-03-05,desk,31.66522727272727,176,32.0,19.0
2026-03-05,room,44.665,38,32.0,19.0
2026-03-06,desk,14.220795454545454,176,21.0,18.0
2026-03-06,room,16.527368421052632,38,21.0,18.0
2026-03-09,desk,22.266363636363636,176,17.0,16.0
2026-03-09,room,31.374736842105264,38,17.0,16.0
2026-03-10,desk,28.293409090909094,176,28.0,17.0
2026-03-10,room,38.98657894736842,38,28.0,17.0
2026-03-11,desk,30.478863636363634,176,23.0,19.0
2026-03-11,room,38.30605263157895,38,23.0,19.0
2026-03-12,desk,26.96602272727273,176,25.0,19.0
2026-03-12,room,44.011842105263156,38,25.0,19.0
2026-03-13,desk,16.072954545454547,176,32.0,20.0
2026-03-13,room,21.97184210526316,38,32.0,20.0
2026-03-16,desk,24.21278409090909,176,24.0,21.0
2026-03-16,room,34.04763157894737,38,24.0,21.0
2026-03-17,desk,29.628352272727273,176,30.0,21.0
2026-03-17,room,44.515,38,30.0,21.0
2026-03-18,desk,24.73738636363636,176,27.0,20.0
2026-03-18,room,43.67,38,27.0,20.0
2026-03-19,desk,37.25698863636364,176,31.0,20.0
2026-03-19,room,44.02263157894737,38,31.0,20.0
2026-03-20,desk,13.17909090909091,176,24.0,20.0
2026-03-20,room,31.513157894736842,38,24.0,20.0
2026-03-23,desk,26.486875,176,23.0,18.0
2026-03-23,room,42.978157894736846,38,23.0,18.0
2026-03-24,desk,32.95272727272727,176,27.0,17.0
2026-03-24,room,39.19105263157895,38,27.0,17.0
2026-03-25,desk,29.49590909090909,176,21.0,18.0
2026-03-25,room,40.92368421052631,38,21.0,18.0
2026-03-26,desk,32.57568181818181,176,29.0,18.0
2026-03-26,room,42.21657894736842,38,29.0,18.0
2026-03-27,desk,17.065,176,24.0,19.0
2026-03-27,room,18.34526315789474,38,24.0,19.0
2026-03-30,desk,29.078352272727273,176,19.0,18.0
2026-03-30,room,40.85736842105263,38,19.0,18.0
2026-03-31,desk,36.604431818181816,176,29.0,21.0
2026-03-31,room,39.40921052631579,38,29.0,21.0
2026-04-01,desk,29.04477272727273,176,28.0,22.0
2026-04-01,room,32.68973684210526,38,28.0,22.0
2026-04-02,desk,17.02971590909091,176,24.0,19.0
2026-04-02,room,20.323947368421052,38,24.0,19.0
2026-04-03,desk,0.009488636363636364,176,0.0,0.0
2026-04-03,room,0.035,38,0.0,0.0
2026-04-06,desk,0.0,176,0.0,0.0
2026-04-06,room,0.0,38,0.0,0.0
2026-04-07,desk,34.216136363636366,176,29.0,21.0
2026-04-07,room,43.75447368421053,38,29.0,21.0
2026-04-08,desk,34.356875,176,26.0,21.0
2026-04-08,room,48.77473684210526,38,26.0,21.0
2026-04-09,desk,29.243295454545454,176,32.0,20.0
2026-04-09,room,39.222368421052636,38,32.0,20.0
2026-04-10,desk,16.005625000000002,176,23.0,18.0
2026-04-10,room,30.141578947368423,38,23.0,18.0
2026-04-13,desk,28.420397727272725,176,26.0,18.0
2026-04-13,room,41.83,38,26.0,18.0
2026-04-14,desk,32.281988636363636,176,30.0,19.0
2026-04-14,room,38.77421052631579,38,30.0,19.0
2026-04-15,desk,32.136250000000004,176,26.0,20.0
2026-04-15,room,36.59842105263158,38,26.0,20.0
2026-04-16,desk,30.175454545454546,176,23.0,19.0
2026-04-16,room,38.30736842105264,38,23.0,19.0
2026-04-17,desk,16.849261363636366,176,25.0,18.0
2026-04-17,room,24.855526315789472,38,25.0,18.0
2026-04-20,desk,27.014261363636365,176,24.0,20.0
2026-04-20,room,37.45684210526316,38,24.0,20.0
2026-04-21,desk,39.96897727272727,176,26.0,20.0
2026-04-21,room,47.86236842105263,38,26.0,20.0
2026-04-22,desk,42.60522727272728,176,23.0,20.0
2026-04-22,room,41.9628947368421,38,23.0,20.0
2026-04-23,desk,31.57943181818182,176,28.0,19.0
2026-04-23,room,40.901315789473685,38,28.0,19.0
2026-04-24,desk,20.764034090909092,176,26.0,21.0
2026-04-24,room,33.71631578947368,38,26.0,21.0
2026-04-27,desk,27.08789772727273,176,24.0,21.0
2026-04-27,room,41.338157894736845,38,24.0,21.0
2026-04-28,desk,36.73977272727273,176,22.0,18.0
2026-04-28,room,43.57921052631579,38,22.0,18.0
2026-04-29,desk,34.86994318181818,176,22.0,17.0
2026-04-29,room,48.63789473684211,38,22.0,17.0
2026-04-30,desk,22.910795454545454,176,26.0,22.0
2026-04-30,room,25.31,38,26.0,22.0
2026-05-01,desk,0.0,176,1.0,0.0
2026-05-01,room,0.02631578947368421,38,1.0,0.0
2026-05-04,desk,24.57255681818182,176,21.0,16.0
2026-05-04,room,40.60631578947368,38,21.0,16.0
2026-05-05,desk,35.94767045454545,176,21.0,14.0
2026-05-05,room,50.092894736842105,38,21.0,14.0
2026-05-06,desk,38.961420454545454,176,23.0,14.0
2026-05-06,room,42.33921052631579,38,23.0,14.0
2026-05-07,desk,36.485113636363636,176,21.0,12.0
2026-05-07,room,45.80157894736842,38,21.0,12.0
2026-05-08,desk,18.52971590909091,176,14.0,11.0
2026-05-08,room,26.063157894736843,38,14.0,11.0
2026-05-11,desk,32.719772727272726,176,20.0,18.0
2026-05-11,room,50.244473684210526,38,20.0,18.0
2026-05-12,desk,39.530170454545456,176,28.0,19.0
2026-05-12,room,46.50078947368421,38,28.0,19.0
2026-05-13,desk,31.77664772727273,176,25.0,19.0
2026-05-13,room,39.66657894736842,38,25.0,19.0
2026-05-14,desk,0.0,176,1.0,0.0
2026-05-14,room,0.0,38,1.0,0.0
2026-05-15,desk,11.246875000000001,176,21.0,18.0
2026-05-15,room,5.683684210526316,38,21.0,18.0
2026-05-18,desk,31.43278409090909,176,21.0,16.0
2026-05-18,room,44.42526315789474,38,21.0,16.0
2026-05-19,desk,40.184943181818184,176,30.0,16.0
2026-05-19,room,50.65342105263158,38,30.0,16.0
2026-05-20,desk,42.627215909090914,176,22.0,15.0
2026-05-20,room,46.48447368421053,38,22.0,15.0
2026-05-21,desk,38.75284090909091,176,25.0,16.0
2026-05-21,room,41.31157894736842,38,25.0,16.0
2026-05-22,desk,16.486875,176,22.0,19.0
2026-05-22,room,33.927368421052634,38,22.0,19.0
2026-05-25,desk,33.532897727272726,176,20.0,17.0
2026-05-25,room,42.65236842105263,38,20.0,17.0
2026-05-26,desk,47.29085227272728,176,22.0,16.0
2026-05-26,room,48.22578947368421,38,22.0,16.0
2026-05-27,desk,3.382840909090909,176,23.0,19.0
2026-05-27,room,6.828684210526316,38,23.0,19.0
